"SupplierID";"Name";"Phone"
1;"Pittman LLC";"+1-926-174-3051x1755"
2;"Malone Inc";"920.449.1118x94194"
3;"Franco, Nichols and Irwin";"+1-949-870-8966x97122"
4;"Logan LLC";"001-263-150-8318x214"
5;"Allen, Vega and Bryant";"653.634.8373x439"
6;"Johnson, Nguyen and Forbes";"(218)759-4057x93770"
7;"Brown, Edwards and Murphy";"517-959-7861"
8;"Freeman-Rocha";"234-220-7094x398"
9;"Cooper, Weaver and Brown";"496-815-6840"
10;"Brown and Sons";"(614)825-4854"
11;"Moore-Stevenson";"(866)259-1045x624"
12;"Sharp LLC";"978-081-9118"
13;"Freeman LLC";"030.925.5938"
14;"Hobbs-Lawrence";"+1-157-000-3617x5507"
15;"Werner Group";"117-022-2008x44584"
16;"Scott, Barber and Meyer";"+1-630-109-8933"
17;"Hayes, Moore and Munoz";"962-545-5879x960"
18;"Boyle, Johnson and Nelson";"(167)026-3644"
19;"Hill and Sons";"(928)598-4304x0838"
20;"Gonzalez PLC";"140.407.6542"
21;"Brown, Nichols and Hinton";"768-238-9130"
22;"Knox, Baker and Carter";"001-838-481-8314"
23;"Webb-Martinez";"982.849.7755x82238"
24;"Wood-Mullins";"001-709-574-5210x7321"
25;"Delgado, Hernandez and Steele";"191-799-2858"
26;"Robinson PLC";"+1-206-771-9906x128"
27;"Marquez Group";"001-268-926-4291x01842"
28;"Villegas-Wiley";"001-322-057-3024x149"
29;"Hill-Price";"(879)061-9149"
